{
  "hash": "c29f5861",
  "configHash": "cee11c14",
  "lockfileHash": "ba8b7e4b",
  "browserHash": "d8499a19",
  "optimized": {
    "@angular/core": {
      "src": "../../../../../../node_modules/@angular/core/fesm2022/core.mjs",
      "file": "@angular_core.js",
      "fileHash": "28a9760f",
      "needsInterop": false
    },
    "@angular/platform-browser": {
      "src": "../../../../../../node_modules/@angular/platform-browser/fesm2022/platform-browser.mjs",
      "file": "@angular_platform-browser.js",
      "fileHash": "ca1eb0b9",
      "needsInterop": false
    },
    "@angular/router": {
      "src": "../../../../../../node_modules/@angular/router/fesm2022/router.mjs",
      "file": "@angular_router.js",
      "fileHash": "534384ab",
      "needsInterop": false
    },
    "zone.js": {
      "src": "../../../../../../node_modules/zone.js/fesm2015/zone.js",
      "file": "zone__js.js",
      "fileHash": "de490365",
      "needsInterop": true
    }
  },
  "chunks": {
    "chunk-EDN7AEHB": {
      "file": "chunk-EDN7AEHB.js"
    },
    "chunk-46MQUD6W": {
      "file": "chunk-46MQUD6W.js"
    },
    "chunk-WDMUDEB6": {
      "file": "chunk-WDMUDEB6.js"
    }
  }
}