{
  "hash": "2ac19a5d",
  "configHash": "add08267",
  "lockfileHash": "e0318c58",
  "browserHash": "9a13a707",
  "optimized": {
    "@angular/core": {
      "src": "../../../../../../node_modules/@angular/core/fesm2022/core.mjs",
      "file": "@angular_core.js",
      "fileHash": "b3a160bd",
      "needsInterop": false
    },
    "@angular/platform-browser": {
      "src": "../../../../../../node_modules/@angular/platform-browser/fesm2022/platform-browser.mjs",
      "file": "@angular_platform-browser.js",
      "fileHash": "b526f6cb",
      "needsInterop": false
    },
    "@angular/router": {
      "src": "../../../../../../node_modules/@angular/router/fesm2022/router.mjs",
      "file": "@angular_router.js",
      "fileHash": "eda5a774",
      "needsInterop": false
    },
    "zone.js": {
      "src": "../../../../../../node_modules/zone.js/fesm2015/zone.js",
      "file": "zone__js.js",
      "fileHash": "ae037ca9",
      "needsInterop": true
    },
    "@angular/forms": {
      "src": "../../../../../../node_modules/@angular/forms/fesm2022/forms.mjs",
      "file": "@angular_forms.js",
      "fileHash": "d084c52e",
      "needsInterop": false
    }
  },
  "chunks": {
    "chunk-TSV7T6NI": {
      "file": "chunk-TSV7T6NI.js"
    },
    "chunk-ULUUMUDW": {
      "file": "chunk-ULUUMUDW.js"
    },
    "chunk-MIMBV3VA": {
      "file": "chunk-MIMBV3VA.js"
    },
    "chunk-WDMUDEB6": {
      "file": "chunk-WDMUDEB6.js"
    }
  }
}